{
  "metadata": {
    "name": "Tấn Giang💰✅",
    "author": "Mol-gpt",
    "version": 36,
    "source": "http://www.jjwxc.net",
    "regexp": "(www.|my.|m.)?jjwxc.net/(onebook|book2)(.*?)",
    "description": "Đọc truyện trên trang http://www.jjwxc.net - Đọc chương VIP bằng cách nhập token trong Mã bổ sung",
    "locale": "zh_CN",
    "language": "javascript",
    "type": "chinese_novel"
  },
  "script": {
    "home": "home.js",
    "detail": "detail.js",
    "toc": "toc.js",
    "genre": "genre.js",
    "search": "search.js",
    "chap": "chap.js"
  },
  "config": {
    "thread_num": 1,
    "delay": 1000,
    "JJWXC_TOKEN": {
      "title": "tấn giang Token",
      "mode": "input",
      "format": "text",
      "default": ""
    },
    "JJWXC_INTRO": {
  "title": "Tấn Giang Intro",
  "mode": "input",
  "format": "text",
  "default": "false"
}
  }
}
